{
  "version": 2,
  "builds": [
    {
      "src": "client/package.json",
      "use": "@vercel/static-build",
      "config": {
        "distDir": "../dist/public"
      }
    }
  ],
  "routes": [
    {
      "handle": "filesystem"
    },
    {
      "src": "/(.*)",
      "dest": "/index.html"
    }
  ],
  "headers": [
    {
      "source": "/(.*)",
      "headers": [
        {
          "key": "X-Frame-Options",
          "value": "SAMEORIGIN"
        },
        {
          "key": "X-XSS-Protection",
          "value": "1; mode=block"
        },
        {
          "key": "X-Content-Type-Options",
          "value": "nosniff"
        },
        {
          "key": "Referrer-Policy",
          "value": "no-referrer-when-downgrade"
        }
      ]
    },
    {
      "source": "/(.*\\.(js|css|png|jpg|jpeg|gif|ico|svg|woff|woff2|ttf|eot))",
      "headers": [
        {
          "key": "Cache-Control",
          "value": "public, max-age=31536000, immutable"
        }
      ]
    }
  ],
  "env": {
    "VITE_WALLETCONNECT_PROJECT_ID": "@walletconnect_project_id"
  }
}
